Topic,Company/Brand Name,URL Link,,,,,,,,,,,,,,,,,,,,,,,,
Charter Private Jets,XO,flyxo.com,,,,,,,,,,,,,,,,,,,,,,,,
Charter Private Jets,Air Charter Service,aircharterserviceusa.com,,,,,,,,,,,,,,,,,,,,,,,,
Charter Private Jets,Private Jet Charter,privatejetcharter.com,,,,,,,,,,,,,,,,,,,,,,,,
Charter Private Jets,VistaJet,vistajet.com,,,,,,,,,,,,,,,,,,,,,,,,
Charter Private Jets,Jets.com,jets.com,,,,,,,,,,,,,,,,,,,,,,,,
Personal Assistant Services,One Concierge,oneconcierge.com,,,,,,,,,,,,,,,,,,,,,,,,
Personal Assistant Services,British American Household Staffing,bahs.com,,,,,,,,,,,,,,,,,,,,,,,,
Personal Assistant Services,Contessa Concierge,contessaconcierge.com,,,,,,,,,,,,,,,,,,,,,,,,
Personal Assistant Services,Zirtual,zirtual.com,,,,,,,,,,,,,,,,,,,,,,,,
Expensive Personal Doctor Services,Private Medical,fiercehealthcare.com,,,,,,,,,,,,,,,,,,,,,,,,
Expensive Personal Doctor Services,NerdWallet,nerdwallet.com,,,,,,,,,,,,,,,,,,,,,,,,
Expensive Personal Doctor Services,PartnerMD,partnermd.com,,,,,,,,,,,,,,,,,,,,,,,,
CEO Checkups,Mayo Clinic,mayoclinic.org,,,,,,,,,,,,,,,,,,,,,,,,
CEO Checkups,Your CEO Check Up,yourceocheckup.com,,,,,,,,,,,,,,,,,,,,,,,,
Nicest Hotels,The Ocean Club,oyster.com,,,,,,,,,,,,,,,,,,,,,,,,
Nicest Hotels,Sandals Royal Bahamian,oyster.com,,,,,,,,,,,,,,,,,,,,,,,,
Nicest Hotels,Pink Sands Resort,familydestinationsguide.com,,,,,,,,,,,,,,,,,,,,,,,,
Expensive Cars,Bugatti La Voiture Noire,jamesedition.com,,,,,,,,,,,,,,,,,,,,,,,,
Expensive Cars,Rolls-Royce Boat Tail,jamesedition.com,,,,,,,,,,,,,,,,,,,,,,,,
Expensive Cars,Pagani Huayra Codalunga,jamesedition.com,,,,,,,,,,,,,,,,,,,,,,,,
Expensive Watches,Patek Philippe,luxurybazaar.com,,,,,,,,,,,,,,,,,,,,,,,,
Expensive Watches,Richard Mille,luxurybazaar.com,,,,,,,,,,,,,,,,,,,,,,,,
Expensive Watches,Audemars Piguet,valuewalk.com,,,,,,,,,,,,,,,,,,,,,,,,
Elite Concierge Services,Quintessentially,quintessentially.com,,,,,,,,,,,,,,,,,,,,,,,,
Elite Concierge Services,One Concierge,oneconcierge.com,,,,,,,,,,,,,,,,,,,,,,,,
Elite Concierge Services,Knightsbridge Circle,knightsbridgecircle.co.uk,,,,,,,,,,,,,,,,,,,,,,,,
Private Islands for Sale,Private Islands Online,privateislandsonline.com,,,,,,,,,,,,,,,,,,,,,,,,
Private Islands for Sale,Island Seeker,island-seeker.com,,,,,,,,,,,,,,,,,,,,,,,,
Private Islands for Sale,Sotheby's International Realty,sothebysrealty.com,,,,,,,,,,,,,,,,,,,,,,,,
Expensive Perfumes,Shumukh by Nabeel,fragrancex.com,,,,,,,,,,,,,,,,,,,,,,,,
Expensive Perfumes,Frederic Malle's The Night,scentapprentice.com,,,,,,,,,,,,,,,,,,,,,,,,
Expensive Perfumes,Baccarat Les Larmes Sacrées de Thèbes,scentapprentice.com,,,,,,,,,,,,,,,,,,,,,,,,
Private Jets,PJ #1,https://www.avbuyer.com/aircraft/private-jets,,,,,,,,,,,,,,,,,,,,,,,,
Private Jets,PJ #2,https://www.jetcraft.com/inventory/,,,,,,,,,,,,,,,,,,,,,,,,
Private Jets,PJ #3,https://www.google.com/url?sa=t&source=web&rct=j&opi=89978449&url=https://www.globalair.com/aircraft-for-sale/private-jet&ved=2ahUKEwilmfLi3fSFAxV8hIkEHVUlD1MQFnoECCkQAQ&usg=AOvVaw3vfCXDd1XjZTrbV7VdFJds,,,,,,,,,,,,,,,,,,,,,,,,
Private Jets,PJ #4,https://www.google.com/url?sa=t&source=web&rct=j&opi=89978449&url=https://www.guardianjet.com/aircraft-for-sale-listings/private-jets-for-sale.cfm&ved=2ahUKEwilmfLi3fSFAxV8hIkEHVUlD1MQFnoECCcQAQ&usg=AOvVaw3IVpXRajOrkSoKySKgsa4k,,,,,,,,,,,,,,,,,,,,,,,,
Private Jets,PJ #5,https://www.google.com/url?sa=t&source=web&rct=j&opi=89978449&url=https://www.guardianjet.com/aircraft-for-sale-listings/private-jets-for-sale.cfm&ved=2ahUKEwilmfLi3fSFAxV8hIkEHVUlD1MQFnoECCcQAQ&usg=AOvVaw3IVpXRajOrkSoKySKgsa4k,,,,,,,,,,,,,,,,,,,,,,,,
Private Jets,PJ #6,https://www.jamesedition.com/jets,,,,,,,,,,,,,,,,,,,,,,,,
Private Jets,PJ #7,https://www.evojets.com/aircraft-sales/search-private-jets/,,,,,,,,,,,,,,,,,,,,,,,,
Private Jets,PJ #8,https://flyexclusive.com/sale-leaseback-inventory,,,,,,,,,,,,,,,,,,,,,,,,
Private Jets,PJ #9,https://cfsjets.com/,,,,,,,,,,,,,,,,,,,,,,,,
Private Jets,PJ #10,https://flyexclusive.com/sale-leaseback-inventory,,,,,,,,,,,,,,,,,,,,,,,,
Private Jets,PJ #11,https://millionairdallas.com/jet-ownership/,,,,,,,,,,,,,,,,,,,,,,,,
Private Jets,PJ #12,https://www.libertyjet.com/private-jets-for-sale.aspx,,,,,,,,,,,,,,,,,,,,,,,,
Private Jets,PJ #13,https://aviapages.com/jet_market/,,,,,,,,,,,,,,,,,,,,,,,,
Private Jets,PJ #14,https://l33jets.com/sales/aircraft-for-sale/,,,,,,,,,,,,,,,,,,,,,,,,
Private Jets,PJ #15,https://select.aero/buy-or-sell-private-jets/,,,,,,,,,,,,,,,,,,,,,,,,
Private Jets,PJ #16,https://theprivatejetcompany.com/,,,,,,,,,,,,,,,,,,,,,,,,
Private Jets,PJ #17,https://mybusinessjet.com/aircraft-inventory/,,,,,,,,,,,,,,,,,,,,,,,,
Private Jets,PJ #18,https://aeroclassifieds.com/,,,,,,,,,,,,,,,,,,,,,,,,
Private Jets,PJ #19,https://skyaviationholdings.com/jets-for-sale/,,,,,,,,,,,,,,,,,,,,,,,,
Private Jets,PJ #20,https://www.jetlistings.com/mid-size-jets-sale/,,,,,,,,,,,,,,,,,,,,,,,,
Private Jets,PJ #21,https://journeyflight.com/aircraft-sales/,,,,,,,,,,,,,,,,,,,,,,,,
Private Jets,PJ #22,https://charterjetone.com/private-jets-for-sale/,,,,,,,,,,,,,,,,,,,,,,,,
Private Jets,PJ #23,https://www.netjets.com/en-us/long-range-private-jets,,,,,,,,,,,,,,,,,,,,,,,,
Private Jets,PJ #24,https://www.evojets.com/aircraft-sales/ultra-long-range/,,,,,,,,,,,,,,,,,,,,,,,,
Private Jets,PJ #25,https://www.jetlinx.com/acquisition-sales/aircraft-marketplace/,,,,,,,,,,,,,,,,,,,,,,,,
Private Jets,PJ #26,https://pacificcoastjet.com/private-jets-for-sale/,,,,,,,,,,,,,,,,,,,,,,,,
